heliostat_id,x (m),y (m)
0,-48.127391565302624,35.82951550216717
1,-38.56725658119235,45.96266658713868
2,-26.92795081202773,53.61795841940474
3,-13.836952244546412,58.38269223478943
4,0.0,60.0
5,13.836952244546412,58.38269223478943
6,26.927950812027728,53.61795841940474
7,38.56725658119236,45.96266658713868
8,48.127391565302624,35.82951550216717
9,-64.32007389925683,37.13521198003256
10,-56.129841294929506,48.63678434491571
11,-45.910929981328394,58.38049660166804
12,-34.03267803844076,66.01418560233584
13,-20.924396439966127,71.26194993705228
14,-7.059852636167962,73.9341217298441
15,7.059852636167952,73.9341217298441
16,20.924396439966117,71.26194993705228
17,34.03267803844074,66.01418560233584
18,45.91092998132838,58.38049660166805
19,56.1298412949295,48.63678434491573
20,-73.45490574474086,50.70226058774158
21,-64.37046944412604,61.82867514526614
22,-53.618871797159834,71.35375949363672
23,-41.47857353534436,79.03081895152704
24,-28.26400200665543,84.66102171155148
25,-14.317407672391123,88.09854847963484
26,-1.1068711194907454e-14,89.25436911813345
27,14.317407672391102,88.09854847963484
28,28.26400200665541,84.6610217115515
29,41.47857353534433,79.03081895152705
30,53.61887179715981,71.35375949363673
31,64.37046944412602,61.82867514526616
32,73.45490574474084,50.702260587741584
33,-90.89095569446641,52.47591773710255
34,-82.70317496443704,64.61480186618485
35,-72.90567100719207,75.49603237518964
36,-61.689141092763755,84.90781848947537
37,-49.27190221732275,92.66697049807551
38,-35.89564181117962,98.62246533304723
39,-21.820713567869273,102.6583860617028
40,-7.321069955654145,104.6961780778507
41,7.321069955654145,104.6961780778507
42,21.820713567869273,102.6583860617028
43,35.89564181117962,98.62246533304723
44,49.27190221732275,92.66697049807551
45,61.689141092763755,84.90781848947537
46,72.90567100719207,75.49603237518964
47,82.70317496443704,64.61480186618485
48,-101.39715939879312,66.68996085805819
49,-92.96931618204579,78.01051891915856
50,-83.28422245130007,88.27611853766544
51,-72.47285248464212,97.34793508920926
52,-60.68141151413996,105.10328781748551
53,-48.0693585508927,111.43729888102686
54,-34.807249975454624,116.26431164609288
55,-21.074433055374964,119.51904904569864
56,-7.056620581071683,121.157496339964
57,7.056620581071698,121.157496339964
58,21.074433055374996,119.51904904569861
59,34.80724997545465,116.26431164609286
60,48.069358550892716,111.43729888102686
61,60.68141151413998,105.1032878174855
62,72.47285248464213,97.34793508920924
63,83.28422245130008,88.27611853766543
64,92.9693161820458,78.01051891915854
65,101.39715939879314,66.68996085805817
66,-119.93354742411408,69.24366589017903
67,-112.0386049159514,81.40081124982918
68,-102.91614400674416,92.66611228721135
69,-92.66611228721135,102.91614400674416
70,-81.40081124982918,112.0386049159514
71,-69.243665890179,119.9335474241141
72,-56.32787243686741,126.51447288898989
73,-42.79493902577237,131.7092793140384
74,-28.793135307294257,135.46105131298373
75,-14.475867973038493,137.72868368669657
76,0.0,138.48733178035803
77,14.475867973038493,137.72868368669657
78,28.793135307294257,135.46105131298373
79,42.79493902577237,131.7092793140384
80,56.32787243686741,126.51447288898989
81,69.243665890179,119.9335474241141
82,81.40081124982918,112.0386049159514
83,92.66611228721135,102.91614400674416
84,102.91614400674416,92.66611228721135
85,112.0386049159514,81.40081124982918
86,-131.68389176838502,84.24352419554269
87,-123.4776313955941,95.86914657535303
88,-114.24819648139224,106.7003670139045
89,-104.07206503016843,116.647434607492
90,-93.0335596719672,125.62792482133598
91,-81.2241489386197,133.56742248523645
92,-68.74168932668208,140.4001384211093
93,-55.68961442768645,146.0694545928352
94,-42.176077844826395,150.52839326113818
95,-28.31305699813931,153.7400062559282
96,-14.215425244338187,155.67768114047485
97,0.0,156.3253617304394
98,14.215425244338205,155.67768114047485
99,28.31305699813931,153.7400062559282
100,42.176077844826395,150.52839326113818
101,55.68961442768645,146.0694545928352
102,68.74168932668208,140.4001384211093
103,81.22414893861972,133.56742248523645
104,93.03355967196723,125.62792482133597
105,104.07206503016843,116.64743460749199
106,114.24819648139226,106.70036701390448
107,123.4776313955941,95.86914657535303
108,131.68389176838502,84.24352419554269
109,-151.44784908819986,87.43845643926203
110,-143.92087781631585,99.34140922346515
111,-135.46052442480718,110.60009484841818
112,-126.12165755192257,121.14149641753009
113,-115.9648433329508,130.89724889655648
114,-105.0559526055923,139.80408248708056
115,-93.46573371229982,147.8042329554345
116,-81.26935367012945,154.8458162559205
117,-68.54591068379078,160.8831650187572
118,-55.37792116343711,165.8771247204961
119,-41.85078457408136,169.79530761613148
120,-28.052229587294992,172.61230278605453
121,-14.071745127108654,174.30984093561835
122,-2.168702846072903e-14,174.87691287852402
123,14.071745127108631,174.30984093561838
124,28.052229587294978,172.61230278605453
125,41.85078457408132,169.79530761613148
126,55.37792116343707,165.87712472049614
127,68.54591068379074,160.8831650187572
128,81.26935367012939,154.84581625592054
129,93.46573371229981,147.8042329554345
130,105.05595260559228,139.80408248708056
131,115.96484333295078,130.8972488965565
132,126.12165755192255,121.14149641753012
133,135.46052442480715,110.60009484841821
134,143.92087781631582,99.34140922346516
135,-164.3847169758989,103.28976353786007
136,-156.20621027121607,115.28542969368705
137,-147.15413507557815,126.63637296255736
138,-137.2791142653416,137.2791142653416
139,-126.63637296255733,147.15413507557818
140,-115.28542969368706,156.20621027121607
141,-103.28976353786004,164.38471697589893
142,-90.71645912611348,171.6439176626239
143,-77.63583147692329,177.9432159365459
144,-64.12103276609874,183.2473835664846
145,-50.24764323014175,187.52675749548337
146,-36.09324849090642,190.7574057286561
147,-21.737005665329793,192.92126117061036
148,-7.25920068672499,194.00622266397355
149,7.259200686725013,194.00622266397355
150,21.737005665329793,192.92126117061036
151,36.09324849090642,190.7574057286561
152,50.247643230141776,187.52675749548334
153,64.12103276609874,183.2473835664846
154,77.63583147692331,177.9432159365459
155,90.71645912611348,171.6439176626239
156,103.2897635378601,164.3847169758989
157,115.28542969368705,156.20621027121607
158,126.63637296255736,147.15413507557815
159,137.2791142653416,137.27911426534158
160,147.15413507557815,126.63637296255736
161,156.20621027121607,115.28542969368702
162,164.3847169758989,103.28976353786007
163,-185.43386068672373,107.06028938435155
164,-177.78320156421435,119.33463660573278
165,-169.32135846934767,131.06448725089123
166,-160.0869408513561,142.19632070169314
167,-150.1220832398232,152.6793449553015
168,-139.47225299448922,162.46572837643498
169,-128.18604284811707,171.5108179421492
170,-116.3149491889979,179.77334298333886
171,-103.91313709474251,187.21560349333495
172,-91.03719318945562,193.80364214438825
173,-77.74586745194877,199.50739922716744
174,-64.09980515306184,204.3008498063184
175,-50.16127014520183,208.16212246627495
176,-35.993860766665286,211.07359910551173
177,-21.662219657007476,213.0219953239006
178,-7.231738807504504,213.99842103638147
179,7.231738807504504,213.99842103638147
180,21.662219657007505,213.0219953239006
181,35.99386076666534,211.0735991055117
182,50.16127014520183,208.16212246627495
183,64.09980515306184,204.3008498063184
184,77.74586745194878,199.50739922716744
185,91.03719318945562,193.80364214438825
186,103.91313709474251,187.21560349333495
187,116.3149491889979,179.77334298333886
188,128.1860428481171,171.5108179421492
189,139.47225299448928,162.46572837643495
190,150.1220832398232,152.6793449553015
191,160.0869408513561,142.19632070169314
192,169.3213584693477,131.0644872508912
193,177.78320156421435,119.33463660573278
194,-199.64177570970594,123.61295411594675
195,-191.65339542556066,135.6686295930248
196,-182.93800816631222,147.2096674880355
197,-173.52867438108092,158.19228869113843
198,-163.46108689585472,168.57483235827797
199,-152.77343551837467,178.3179139450344
200,-141.50626217111318,187.38457460569126
201,-129.70230710187516,195.74042139079643
202,-117.4063467553987,203.3537577114
203,-104.66502392096307,210.19570357507294
204,-91.52667080031243,216.24030513761056
205,-78.04112566705986,221.46463315485354
206,-64.25954381304439,225.84886996116478
207,-50.234203498787195,229.3763846446232
208,-36.01830764414278,232.03379613376921
209,-21.665782011400424,233.81102395659227
210,-7.231070646397092,234.7013264792138
211,7.231070646397092,234.7013264792138
212,21.665782011400424,233.81102395659227
213,36.01830764414278,232.03379613376921
214,50.23420349878723,229.3763846446232
215,64.25954381304436,225.8488699611648
216,78.04112566705984,221.46463315485354
217,91.52667080031243,216.24030513761056
218,104.66502392096307,210.19570357507294
219,117.4063467553987,203.3537577114
220,129.70230710187516,195.74042139079643
221,141.50626217111318,187.38457460569126
222,152.77343551837467,178.31791394503443
223,163.4610868958547,168.574832358278
224,173.52867438108086,158.19228869113846
225,182.93800816631222,147.2096674880355
226,191.65339542556066,135.6686295930248
227,199.64177570970594,123.61295411594675
228,-221.89158221968572,128.10916472544756
229,-214.4973965327141,140.13814337037223
230,-206.45178930227976,151.74152707974991
231,-197.77919477310945,162.88407675861944
232,-188.5059513297493,173.5319528498241
233,-178.66022150775655,183.6528181036348
234,-168.27190646500455,193.21593578491436
235,-157.37255517284925,202.19226301957232
236,-145.99526860293992,210.55453899681862
237,-134.17459920065633,218.27736775935023
238,-121.94644595046753,225.33729533003873
239,-109.34794535189621,231.71288094088797
240,-96.41735863718992,237.38476214794179
241,-83.19395557321634,242.33571363439003
242,-69.7178952004721,246.5506995232895
243,-56.03010387139641,250.01691904102796
244,-42.172150958384165,252.72384539285295
245,-28.186122608967885,254.66325773240163
246,-14.114493931571074,255.8292661281407
247,0.0,256.21832945089506
248,14.114493931571108,255.8292661281407
249,28.186122608967853,254.66325773240163
250,42.172150958384165,252.72384539285295
251,56.03010387139644,250.01691904102796
252,69.71789520047207,246.5506995232895
253,83.19395557321634,242.33571363439003
254,96.41735863718992,237.38476214794179
255,109.34794535189624,231.71288094088794
256,121.94644595046753,225.33729533003873
257,134.17459920065633,218.27736775935023
258,145.99526860293994,210.55453899681862
259,157.37255517284925,202.19226301957232
260,168.27190646500455,193.21593578491436
261,178.66022150775657,183.65281810363476
262,188.5059513297493,173.5319528498241
263,197.77919477310945,162.88407675861944
264,206.45178930227976,151.7415270797499
265,214.4973965327141,140.13814337037223
266,-237.41453468051782,145.27936936507095
267,-229.68679009148696,157.21238786478852
268,-221.35981889239142,168.73525719483516
269,-212.45534520032882,179.81791550479227
270,-202.99659977046264,190.43144940453007
271,-193.0082593896345,200.54816939594104
272,-182.5163824974446,210.1416821116791
273,-171.5483412027583,219.18695917244148
274,-160.13274987299945,227.6604024831523
275,-148.29939048253266,235.53990579769874
276,-136.07913491489296,242.8049123916027
277,-123.50386442156636,249.4364686921679
278,-110.6063864474449,255.41727372618706
279,-97.42034903994896,260.73172425620555
280,-83.98015306511317,265.36595548758635
281,-70.32086245965509,269.30787724017614
282,-56.478112753167494,272.54720549020493
283,-42.48801809909081,275.07548920013
284,-28.387077057010114,276.8861323664276
285,-14.212077372080383,277.9744112278134
286,-3.45174951569301e-14,278.33748658899594
287,14.212077372080348,277.9744112278134
288,28.387077057010078,276.8861323664276
289,42.48801809909078,275.07548920013
290,56.478112753167494,272.54720549020493
291,70.32086245965505,269.30787724017614
292,83.98015306511314,265.36595548758635
293,97.42034903994889,260.7317242562056
294,110.6063864474449,255.41727372618706
295,123.50386442156633,249.4364686921679
296,136.0791349148929,242.80491239160273
297,148.29939048253263,235.53990579769874
298,160.1327498729994,227.66040248315232
299,171.54834120275828,219.18695917244148
300,182.5163824974446,210.1416821116791
301,193.00825938963447,200.54816939594104
302,202.99659977046264,190.4314494045301
303,212.45534520032882,179.81791550479227
304,221.3598188923914,168.73525719483519
305,229.68679009148693,157.21238786478852
306,237.41453468051776,145.27936936507098
307,-260.8210136870858,150.58508246255008
308,-253.36046522658992,162.82488415834328
309,-245.32597382302004,174.69583512150163
310,-236.73574018357064,186.17104382999236
311,-227.60922395034615,197.22451524527358
312,-217.96709961801267,207.8312096994177
313,-207.8312096994177,217.96709961801267
314,-197.22451524527358,227.6092239503462
315,-186.17104382999236,236.7357401835706
316,-174.69583512150163,245.32597382302004
317,-162.82488415834328,253.36046522658992
318,-150.58508246255005,260.8210136870858
319,-138.00415712169917,267.69071866267865
320,-125.11060797814073,273.95401806206814
321,-111.93364306768855,279.59672349762485
322,-98.50311245402447,284.60605242665133
323,-84.84944060870353,288.9706571079529
324,-71.00355748994026,292.68065030812124
325,-56.99682847630518,295.72762769929807
326,-42.86098331405426,298.1046868976809
327,-28.62804423904818,299.80644309964237
328,-14.330253436088732,300.8290412800424
329,-3.734904642781585e-14,301.1701649251001
330,14.330253436088656,300.8290412800424
331,28.628044239048144,299.80644309964237
332,42.86098331405418,298.1046868976809
333,56.99682847630515,295.72762769929807
334,71.00355748994018,292.68065030812124
335,84.84944060870349,288.9706571079529
336,98.5031124540244,284.60605242665133
337,111.93364306768852,279.5967234976249
338,125.11060797814068,273.9540180620682
339,138.0041571216991,267.69071866267865
340,150.58508246255002,260.82101368708584
341,162.82488415834322,253.36046522658995
342,174.69583512150163,245.32597382302004
343,186.1710438299923,236.73574018357064
344,197.22451524527358,227.6092239503462
345,207.83120969941766,217.9670996180127
346,217.96709961801264,207.8312096994177
347,227.60922395034612,197.2245152452736
348,236.7357401835706,186.17104382999236
349,245.32597382302,174.6958351215017
350,253.36046522658992,162.82488415834328
351,-277.6038745779394,168.45416636854247
352,-269.99178966518923,180.40274626788002
353,-261.86576003548123,192.00791928627484
354,-253.24125404806884,203.24759431729157
355,-244.13468894028404,214.1003760006872
356,-234.56339957639273,224.5456054496957
357,-224.5456054496957,234.56339957639275
358,-214.1003760006872,244.13468894028404
359,-203.24759431729157,253.24125404806887
360,-192.00791928627484,261.86576003548123
361,-180.40274626788,269.99178966518923
362,-168.45416636854242,277.6038745779394
363,-156.18492438921342,284.68752473745764
364,-143.61837552933875,291.229256013057
365,-130.77844092890913,297.2166158474467
366,-117.68956213321067,302.63820696088266
367,-104.3766545669542,307.4837090465373
368,-90.86506010634832,311.74389841579034
369,-77.18049883939757,315.41066555604397
370,-63.349020106253256,318.4770305676414
371,-49.39695291281377,320.9371564505022
372,-35.35085581196546,322.786360215184
373,-21.237466347867784,324.0211217972187
374,-7.08365015951826,324.63909075775587
375,7.08365015951826,324.63909075775587
376,21.237466347867784,324.0211217972187
377,35.35085581196546,322.786360215184
378,49.39695291281377,320.9371564505022
379,63.349020106253256,318.4770305676414
380,77.18049883939757,315.41066555604397
381,90.86506010634832,311.74389841579034
382,104.3766545669542,307.4837090465373
383,117.68956213321067,302.63820696088266
384,130.77844092890913,297.2166158474467
385,143.61837552933875,291.229256013057
386,156.18492438921342,284.68752473745764
387,168.45416636854242,277.6038745779394
388,180.40274626788,269.99178966518923
389,192.00791928627484,261.86576003548123
390,203.24759431729157,253.24125404806887
391,214.1003760006872,244.13468894028404
392,224.5456054496957,234.56339957639275
393,234.56339957639273,224.5456054496957
394,244.13468894028404,214.1003760006872
395,253.24125404806884,203.24759431729157
396,261.86576003548123,192.00791928627484
397,269.99178966518923,180.40274626788002
398,277.6038745779394,168.45416636854247
399,-302.22215508892396,174.48804259565912
400,-294.80373602516494,186.74866869957344
401,-286.8882111708247,198.69439430105336
402,-278.4889278914884,210.3050762043265
403,-269.6200492788834,221.56113617309032
404,-260.2965302687026,232.44359394384819
405,-250.53409242319978,242.93409923092676
406,-240.34919742107888,253.01496266920938
407,-229.75901929937987,262.6691856424072
408,-218.78141549416716,271.88048894657146
409,-207.43489672885218,280.63334024051494
410,-195.73859580092684,288.91298023685187
411,-183.712235319738,296.7054475894964
412,-171.37609444970684,303.9976024356497
413,-158.75097471506976,310.7771485525817
414,-145.85816492380283,317.03265409184417
415,-132.71940526987552,322.75357085595306
416,-119.35685067436542,327.9302520850362
417,-105.7930334272494,332.55396872345256
418,-92.0508251928653,336.61692413895463
419,-78.15339844311194,340.1122672695743
420,-64.12418738341908,343.0341041760634
421,-49.98684843737579,345.37750798040827
422,-35.76522035664866,347.1385271736609
423,-21.48328402345359,348.31419227907696
424,-7.165122013363226,348.90252085932514
425,7.165122013363269,348.90252085932514
426,21.48328402345359,348.31419227907696
427,35.765220356648705,347.1385271736609
428,49.98684843737579,345.37750798040827
429,64.12418738341913,343.0341041760634
430,78.15339844311194,340.1122672695743
431,92.05082519286533,336.61692413895463
432,105.79303342724941,332.55396872345256
433,119.35685067436542,327.9302520850362
434,132.71940526987558,322.75357085595306
435,145.85816492380283,317.03265409184417
436,158.7509747150698,310.7771485525817
437,171.3760944497069,303.99760243564964
438,183.712235319738,296.7054475894964
439,195.73859580092684,288.91298023685187
440,207.43489672885218,280.63334024051494
441,218.78141549416716,271.88048894657146
442,229.75901929937993,262.6691856424071
443,240.34919742107888,253.01496266920938
444,250.53409242319978,242.9340992309267
445,260.2965302687026,232.44359394384819
446,269.6200492788834,221.56113617309026
447,278.4889278914884,210.3050762043265
448,286.8882111708247,198.69439430105336
449,294.80373602516494,186.74866869957344
450,-320.2311436436726,193.10648330710538
451,-312.64729074219736,205.15791684976665
452,-304.610129158523,216.91189102628695
453,-296.13131200858567,228.3513636978014
454,-287.2231327666697,239.45974872256062
455,-277.8985074410457,250.2209400042509
456,-268.1709558469926,260.6193348442939
457,-258.0545820043588,270.6398565642679
458,-247.5640536880811,280.2679763656504
459,-236.71458116131373,289.4897343951866
460,-225.5218951220006,298.2917599853426
461,-214.00222389486726,306.66129104049463
462,-202.17226990190173,314.58619254074785
463,-190.0491854454389,322.0549741365549
464,-177.65054783896232,329.05680680862446
465,-164.99433392167987,335.581538568964
466,-152.09889399382558,341.61970918029135
467,-138.9829252104786,347.1625638724751
468,-125.66544447247567,352.2020660361137
469,-112.16576085372316,356.73090887485097
470,-98.50344760488574,360.7425259995326
471,-84.69831377404411,364.23110094884186
472,-70.7703754854691,367.1915756226136
473,-56.73982691815514,369.619657615595
474,-42.627011026191035,371.51182644102306
475,-28.452390043421584,372.86533863499415
476,-14.236515815164614,373.678231734224
477,0.0,373.94932712143213
478,14.236515815164568,373.678231734224
479,28.452390043421545,372.86533863499415
480,42.627011026191035,371.51182644102306
481,56.73982691815508,369.619657615595
482,70.7703754854691,367.1915756226136
483,84.69831377404411,364.23110094884186
484,98.5034476048857,360.7425259995326
485,112.16576085372316,356.73090887485097
486,125.66544447247558,352.2020660361137
487,138.98292521047853,347.1625638724752
488,152.09889399382558,341.61970918029135
489,164.99433392167984,335.581538568964
490,177.65054783896232,329.05680680862446
491,190.0491854454389,322.0549741365549
492,202.17226990190167,314.58619254074785
493,214.00222389486726,306.66129104049463
494,225.5218951220006,298.2917599853426
495,236.71458116131367,289.4897343951866
496,247.5640536880811,280.2679763656504
497,258.05458200435874,270.639856564268
498,268.1709558469926,260.6193348442939
499,277.8985074410457,250.2209400042509
500,287.2231327666697,239.45974872256065
501,296.13131200858567,228.3513636978014
502,304.61012915852297,216.91189102628704
503,312.6472907421973,205.1579168497667
504,320.2311436436726,193.10648330710538
505,-346.09500642520027,199.8180451247747
506,-338.7852723317666,211.9753379075893
507,-331.04867169180454,223.86554357702684
508,-322.8949525559728,235.4736805756048
509,-314.3343885406682,246.78512274995452
510,-305.3777658833574,257.78561777964893
511,-296.0363698520096,268.4613051350047
512,-286.3219705257554,278.79873354123106
513,-276.2468079646879,288.7848779269211
514,-265.82357678749156,298.4071558355303
515,-255.06541017633123,307.65344327916404
516,-243.98586332915468,316.5120900146991
517,-232.5988963802594,324.97193422298983
518,-220.91885681064258,333.02231657266555
519,-208.96046137029782,340.6530936507963
520,-196.73877753523567,347.85465074350657
521,-184.2692045225932,354.61791395043286
522,-171.5674538877516,360.93436161776026
523,-158.64952972791096,366.79603507543345
524,-145.53170851706466,372.19554866501295
525,-132.23051859778104,377.12609904554176
526,-118.76271935563345,381.5814737656965
527,-105.14528010251757,385.5560590914232
528,-91.39535869546323,389.0448470791941
529,-77.53027991788178,392.04344188597366
530,-63.56751365048671,394.54806530794326
531,-49.52465285939344,396.5555615410059
532,-35.41939142913253,398.06340115707167
533,-21.269501868506218,399.06968429111663
534,-7.092812917379552,399.57314303499544
535,7.092812917379502,399.57314303499544
536,21.26950186850617,399.06968429111663
537,35.41939142913249,398.06340115707167
538,49.52465285939344,396.5555615410059
539,63.56751365048671,394.54806530794326
540,77.53027991788178,392.04344188597366
541,91.39535869546323,389.0448470791941
542,105.14528010251746,385.55605909142326
543,118.76271935563342,381.5814737656965
544,132.23051859778099,377.12609904554176
545,145.5317085170646,372.19554866501295
546,158.64952972791096,366.79603507543345
547,171.5674538877516,360.93436161776026
548,184.2692045225932,354.61791395043286
549,196.73877753523564,347.8546507435066
550,208.96046137029774,340.6530936507963
551,220.91885681064255,333.0223165726656
552,232.5988963802594,324.9719342229899
553,243.98586332915463,316.5120900146991
554,255.06541017633123,307.65344327916404
555,265.82357678749156,298.4071558355303
556,276.2468079646879,288.7848779269211
557,286.3219705257554,278.79873354123106
558,296.0363698520095,268.46130513500475
559,305.37776588335737,257.785617779649
560,314.3343885406682,246.78512274995452
561,322.8949525559728,235.47368057560482
562,331.04867169180454,223.86554357702684
563,338.7852723317666,211.9753379075893
564,-365.18444919594083,219.42495420311167
565,-357.30416823078633,232.03603993019337
566,-348.98856717513047,244.36442548503203
567,-340.2477773079395,256.3950906288714
568,-331.092447935251,268.1133778494155
569,-321.5337334156353,279.50501021874993
570,-311.5832795703275,290.55610878757903
571,-301.2532094945881,301.2532094945881
572,-290.55610878757903,311.5832795703275
573,-279.50501021874993,321.5337334156353
574,-268.11337784941543,331.092447935251
575,-256.39509062887134,340.2477773079395
576,-244.36442548503203,348.98856717513047
577,-232.03603993019337,357.30416823078633
578,-219.42495420311167,365.18444919594083
579,-206.54653296915663,372.6198091621021
580,-193.41646660083302,379.601189288481
581,-180.05075206147905,386.1200838387925
582,-166.46567341543036,392.16855054418585
583,-152.67778198839625,397.7392202796753
584,-138.7038762022187,402.82530604228424
585,-124.56098110858298,407.42061121996215
586,-110.26632764661467,411.51953714120276
587,-95.8373316496347,415.11708989616204
588,-81.29157262664887,418.2088864209686
589,-66.6467723444243,420.79115983781173
590,-51.92077323624633,422.86076404430173
591,-37.131516663662005,424.4151775465111
592,-22.29702105769468,425.45250653102636
593,-7.435359966161347,425.9714871722683
594,7.435359966161347,425.9714871722683
595,22.29702105769468,425.45250653102636
596,37.131516663662005,424.4151775465111
597,51.92077323624633,422.86076404430173
598,66.6467723444243,420.79115983781173
599,81.29157262664887,418.2088864209686
600,95.8373316496347,415.11708989616204
601,110.26632764661467,411.51953714120276
602,124.56098110858298,407.42061121996215
603,138.7038762022187,402.82530604228424
604,152.67778198839625,397.7392202796753
605,166.46567341543036,392.16855054418585
606,180.05075206147905,386.1200838387925
607,193.41646660083302,379.601189288481
608,206.54653296915663,372.6198091621021
609,219.42495420311167,365.18444919594083
610,232.03603993019337,357.30416823078633
611,244.36442548503203,348.98856717513047
612,256.39509062887134,340.2477773079395
613,268.11337784941543,331.092447935251
614,279.50501021874993,321.5337334156353
615,290.55610878757903,311.5832795703275
616,301.2532094945881,301.2532094945881
617,311.5832795703275,290.55610878757903
618,321.5337334156353,279.50501021874993
619,331.092447935251,268.1133778494155
620,340.2477773079395,256.3950906288714
621,348.98856717513047,244.36442548503203
622,357.30416823078633,232.03603993019337
623,365.18444919594083,219.42495420311167
